"","ID","V0_DEM_AGE","V1_TIDES_AMOUNT","V2_TIDES_AMOUNT","V1_CB_WBC","V1_CB_RBC","V1_CB_HGB","V1_CB_HCT","V1_CB_PLT","V1_CB_NEUT.","V1_CB_LYM.","V1_CB_MON.","V1_CB_EO.","V1_CB_BAS.","V2_CB_WBC","V2_CB_RBC","V2_CB_HGB","V2_CB_HCT","V2_CB_PLT","V2_CB_NEUT.","V2_CB_LYM.","V2_CB_MON.","V2_CB_EO.","V2_CB_BAS."
"1",0.571877631278959,0.0777731805068753,0.404777503709467,0.485131327511877,0.210679820365737,0.106888574634112,0.0681305663002891,0.0483081580788968,0.122554127762181,0.341994677860476,0.219449907699177,0,0,5.04878164297401,0.224003462775679,0.111091884044355,0.0628401990051771,0.0695287745023143,0.0899986390760648,0.253266243216237,0.221223573541559,0,0,7.21110255092798
