"","median","iqr","mean","sd","min","max"
"1",0.4,0.03,0.406923076923077,0.0196577043259511,0.38,0.46
