"","median","iqr","mean","sd","min","max"
"1",5,3,4.59615384615385,1.86041968051082,1,9
